code_module,code_presentation,id_assessment,assessment_type,due_date,weight,submission_status,days_late,score,avg_assessment_score,total_submissions,submission_order,submission_percentile
AAA,2013J,1752,TMA,19,10.0,on_time,-12,81.0,70.3072625698324,359,1,0.28
AAA,2013J,1752,TMA,19,10.0,on_time,-10,71.0,70.3072625698324,359,2,0.56
AAA,2013J,1752,TMA,19,10.0,on_time,-10,75.0,70.3072625698324,359,3,0.84
AAA,2013J,1752,TMA,19,10.0,on_time,-9,80.0,70.3072625698324,359,4,1.11
AAA,2013J,1752,TMA,19,10.0,on_time,-9,82.0,70.3072625698324,359,5,1.39
AAA,2013J,1752,TMA,19,10.0,on_time,-7,68.0,70.3072625698324,359,6,1.67
AAA,2013J,1752,TMA,19,10.0,on_time,-5,62.0,70.3072625698324,359,7,1.95
AAA,2013J,1752,TMA,19,10.0,on_time,-5,76.0,70.3072625698324,359,8,2.23
AAA,2013J,1752,TMA,19,10.0,on_time,-5,77.0,70.3072625698324,359,9,2.51
AAA,2013J,1752,TMA,19,10.0,on_time,-5,75.0,70.3072625698324,359,10,2.79
AAA,2013J,1752,TMA,19,10.0,on_time,-4,72.0,70.3072625698324,359,11,3.06
AAA,2013J,1752,TMA,19,10.0,on_time,-4,51.0,70.3072625698324,359,12,3.34
AAA,2013J,1752,TMA,19,10.0,on_time,-4,64.0,70.3072625698324,359,13,3.62
AAA,2013J,1752,TMA,19,10.0,on_time,-4,68.0,70.3072625698324,359,14,3.9
AAA,2013J,1752,TMA,19,10.0,on_time,-4,74.0,70.3072625698324,359,15,4.18
AAA,2013J,1752,TMA,19,10.0,on_time,-4,71.0,70.3072625698324,359,16,4.46
AAA,2013J,1752,TMA,19,10.0,on_time,-4,71.0,70.3072625698324,359,17,4.74
AAA,2013J,1752,TMA,19,10.0,on_time,-4,75.0,70.3072625698324,359,18,5.01
AAA,2013J,1752,TMA,19,10.0,on_time,-4,70.0,70.3072625698324,359,19,5.29
AAA,2013J,1752,TMA,19,10.0,on_time,-3,84.0,70.3072625698324,359,20,5.57
AAA,2013J,1752,TMA,19,10.0,on_time,-3,72.0,70.3072625698324,359,21,5.85
AAA,2013J,1752,TMA,19,10.0,on_time,-3,85.0,70.3072625698324,359,22,6.13
AAA,2013J,1752,TMA,19,10.0,on_time,-3,85.0,70.3072625698324,359,23,6.41
AAA,2013J,1752,TMA,19,10.0,on_time,-3,72.0,70.3072625698324,359,24,6.69
AAA,2013J,1752,TMA,19,10.0,on_time,-3,72.0,70.3072625698324,359,25,6.96
AAA,2013J,1752,TMA,19,10.0,on_time,-3,70.0,70.3072625698324,359,26,7.24
AAA,2013J,1752,TMA,19,10.0,on_time,-3,58.0,70.3072625698324,359,27,7.52
AAA,2013J,1752,TMA,19,10.0,on_time,-3,68.0,70.3072625698324,359,28,7.8
AAA,2013J,1752,TMA,19,10.0,on_time,-3,75.0,70.3072625698324,359,29,8.08
AAA,2013J,1752,TMA,19,10.0,on_time,-3,80.0,70.3072625698324,359,30,8.36
AAA,2013J,1752,TMA,19,10.0,on_time,-3,83.0,70.3072625698324,359,31,8.64
AAA,2013J,1752,TMA,19,10.0,on_time,-3,83.0,70.3072625698324,359,32,8.91
AAA,2013J,1752,TMA,19,10.0,on_time,-3,73.0,70.3072625698324,359,33,9.19
AAA,2013J,1752,TMA,19,10.0,on_time,-2,72.0,70.3072625698324,359,34,9.47
AAA,2013J,1752,TMA,19,10.0,on_time,-2,73.0,70.3072625698324,359,35,9.75
AAA,2013J,1752,TMA,19,10.0,on_time,-2,66.0,70.3072625698324,359,36,10.03
AAA,2013J,1752,TMA,19,10.0,on_time,-2,74.0,70.3072625698324,359,37,10.31
AAA,2013J,1752,TMA,19,10.0,on_time,-2,63.0,70.3072625698324,359,38,10.58
AAA,2013J,1752,TMA,19,10.0,on_time,-2,65.0,70.3072625698324,359,39,10.86
AAA,2013J,1752,TMA,19,10.0,on_time,-2,54.0,70.3072625698324,359,40,11.14
