code_module,code_presentation,id_student,final_result,total_assessments,avg_score,total_score,max_score,min_score,score_stddev,class_rank,total_students_in_course,percentile_rank
AAA,2013J,2458355,Pass,5,90.6,453.0,95.0,86.0,3.2,1,383,0.26
AAA,2013J,187100,Distinction,5,89.2,446.0,90.0,88.0,0.98,2,383,0.52
AAA,2013J,312537,Distinction,5,87.8,439.0,90.0,85.0,1.6,3,383,0.78
AAA,2013J,444677,Distinction,5,87.6,438.0,91.0,84.0,2.65,4,383,1.04
AAA,2013J,376439,Distinction,5,87.0,435.0,94.0,77.0,5.62,5,383,1.31
AAA,2013J,296332,Distinction,5,86.8,434.0,95.0,66.0,10.68,6,383,1.57
AAA,2013J,335764,Withdrawn,3,86.33,259.0,87.0,86.0,0.47,7,383,1.83
AAA,2013J,470588,Withdrawn,1,86.0,86.0,86.0,86.0,0.0,8,383,2.09
AAA,2013J,1640609,Pass,5,85.0,425.0,86.0,83.0,1.1,9,383,2.35
AAA,2013J,2691206,Distinction,5,84.8,424.0,90.0,78.0,3.87,10,383,2.61
AAA,2013J,1626710,Distinction,5,84.6,423.0,86.0,82.0,1.36,11,383,2.87
AAA,2013J,134143,Distinction,5,84.4,422.0,87.0,81.0,2.15,12,383,3.13
AAA,2013J,2650282,Pass,5,84.2,421.0,85.0,83.0,0.75,13,383,3.39
AAA,2013J,331358,Withdrawn,1,84.0,84.0,84.0,84.0,0.0,14,383,3.66
AAA,2013J,1746134,Pass,5,83.8,419.0,87.0,81.0,2.04,15,383,3.92
AAA,2013J,227499,Distinction,5,83.6,418.0,84.0,83.0,0.49,16,383,4.18
AAA,2013J,291334,Distinction,5,83.6,418.0,86.0,78.0,2.87,16,383,4.18
AAA,2013J,1970390,Withdrawn,5,83.6,418.0,90.0,78.0,5.28,16,383,4.18
AAA,2013J,2364471,Pass,5,83.4,417.0,90.0,72.0,6.02,19,383,4.96
AAA,2013J,2649826,Distinction,5,83.4,417.0,88.0,75.0,4.67,19,383,4.96
AAA,2013J,2268379,Pass,5,83.0,415.0,87.0,79.0,3.16,21,383,5.48
AAA,2013J,588775,Pass,5,82.8,414.0,86.0,81.0,2.23,22,383,5.74
AAA,2013J,2412002,Distinction,5,82.8,414.0,89.0,72.0,5.98,22,383,5.74
AAA,2013J,1105478,Pass,5,82.6,413.0,90.0,76.0,4.72,24,383,6.27
AAA,2013J,2645733,Pass,5,82.6,413.0,89.0,73.0,5.57,24,383,6.27
AAA,2013J,175392,Pass,5,82.4,412.0,93.0,74.0,6.47,26,383,6.79
AAA,2013J,346025,Pass,5,82.4,412.0,85.0,75.0,3.88,26,383,6.79
AAA,2013J,2122180,Distinction,5,82.4,412.0,86.0,79.0,2.73,26,383,6.79
AAA,2013J,11391,Pass,5,82.0,410.0,85.0,78.0,2.76,29,383,7.57
AAA,2013J,306466,Pass,5,82.0,410.0,88.0,76.0,4.77,29,383,7.57
