code_module,code_presentation,early_quartile,students,retention_pct,pass_pct
AAA,2013J,1,96,80.2,53.1
AAA,2013J,2,96,84.4,74.0
AAA,2013J,3,96,87.5,81.3
AAA,2013J,4,95,85.3,82.1
AAA,2014J,1,92,70.7,48.9
AAA,2014J,2,91,84.6,67.0
AAA,2014J,3,91,87.9,79.1
AAA,2014J,4,91,84.6,82.4
BBB,2013B,1,442,41.4,10.6
BBB,2013B,2,442,73.8,39.8
BBB,2013B,3,442,83.5,60.0
BBB,2013B,4,441,87.1,71.4
BBB,2013J,1,560,34.3,11.8
BBB,2013J,2,559,78.2,45.4
BBB,2013J,3,559,84.3,60.8
BBB,2013J,4,559,88.2,73.7
BBB,2014B,1,404,24.8,5.7
BBB,2014B,2,403,77.7,44.9
BBB,2014B,3,403,84.6,57.1
BBB,2014B,4,403,91.6,72.7
BBB,2014J,1,573,24.6,11.7
BBB,2014J,2,573,74.0,50.3
BBB,2014J,3,573,82.7,65.3
BBB,2014J,4,573,88.0,73.8
CCC,2014B,1,484,22.7,3.9
CCC,2014B,2,484,57.0,30.6
CCC,2014B,3,484,62.4,42.4
CCC,2014B,4,484,72.3,60.1
CCC,2014J,1,625,26.4,11.4
CCC,2014J,2,625,56.0,36.6
CCC,2014J,3,624,68.4,49.2
CCC,2014J,4,624,76.8,65.4
DDD,2013B,1,326,39.3,7.7
DDD,2013B,2,326,72.1,36.5
DDD,2013B,3,326,74.2,51.5
DDD,2013B,4,325,81.8,60.9
DDD,2013J,1,485,32.0,9.7
DDD,2013J,2,485,67.2,35.9
DDD,2013J,3,484,76.9,58.3
DDD,2013J,4,484,83.5,67.4
DDD,2014B,1,307,33.2,8.1
DDD,2014B,2,307,59.3,30.9
DDD,2014B,3,307,66.8,49.8
DDD,2014B,4,307,81.1,67.1
DDD,2014J,1,451,28.4,9.3
DDD,2014J,2,451,66.7,40.4
DDD,2014J,3,451,76.7,51.4
DDD,2014J,4,450,84.7,74.7
EEE,2013J,1,263,42.2,15.6
EEE,2013J,2,263,85.2,59.3
EEE,2013J,3,263,89.7,75.3
EEE,2013J,4,263,90.5,81.4
EEE,2014B,1,174,42.5,8.6
EEE,2014B,2,174,81.6,51.1
EEE,2014B,3,173,83.2,67.1
EEE,2014B,4,173,93.1,79.2
EEE,2014J,1,297,40.7,14.1
EEE,2014J,2,297,74.7,57.2
EEE,2014J,3,297,87.2,73.1
EEE,2014J,4,297,94.3,85.9
FFF,2013B,1,404,47.8,16.1
FFF,2013B,2,404,78.0,46.0
FFF,2013B,3,403,83.1,58.8
FFF,2013B,4,403,89.3,73.0
FFF,2013J,1,571,41.0,13.5
FFF,2013J,2,571,75.5,40.6
FFF,2013J,3,571,79.5,62.7
FFF,2013J,4,570,85.8,75.1
FFF,2014B,1,375,41.3,10.1
FFF,2014B,2,375,74.4,40.3
FFF,2014B,3,375,77.1,54.4
FFF,2014B,4,375,84.0,69.6
FFF,2014J,1,592,25.3,7.4
FFF,2014J,2,591,66.0,40.9
FFF,2014J,3,591,76.1,62.1
FFF,2014J,4,591,88.0,78.5
GGG,2013J,1,238,87.8,45.4
GGG,2013J,2,238,92.9,62.2
GGG,2013J,3,238,95.8,69.3
GGG,2013J,4,238,95.8,71.8
GGG,2014B,1,209,73.7,30.6
GGG,2014B,2,208,91.3,58.2
GGG,2014B,3,208,91.8,66.8
GGG,2014B,4,208,95.2,74.0
GGG,2014J,1,188,68.1,34.0
GGG,2014J,2,187,86.6,62.6
GGG,2014J,3,187,81.8,64.2
GGG,2014J,4,187,96.3,76.5
