id_student,code_module,code_presentation,final_result,num_of_prev_attempts,studied_credits,assessment_count,overall_avg_score,time_order,assessment_date,score,first_score,last_score,score_improvement,running_avg,trajectory_trend
6516,AAA,2014J,Pass,0,60,5,61.8,1,19,60.0,60.0,77.0,0.0,60.0,improving
6516,AAA,2014J,Pass,0,60,5,61.8,2,54,48.0,60.0,77.0,-12.0,54.0,improving
6516,AAA,2014J,Pass,0,60,5,61.8,3,117,63.0,60.0,77.0,3.0,57.0,improving
6516,AAA,2014J,Pass,0,60,5,61.8,4,166,61.0,60.0,77.0,1.0,58.0,improving
6516,AAA,2014J,Pass,0,60,5,61.8,5,215,77.0,60.0,77.0,17.0,61.8,improving
8462,DDD,2013J,Withdrawn,0,90,3,87.67,1,25,93.0,93.0,87.0,0.0,93.0,declining
8462,DDD,2013J,Withdrawn,0,90,3,87.67,2,53,83.0,93.0,87.0,-10.0,88.0,declining
8462,DDD,2013J,Withdrawn,0,90,3,87.67,3,88,87.0,93.0,87.0,-6.0,87.67,declining
8462,DDD,2014J,Withdrawn,1,60,4,86.5,1,20,93.0,93.0,87.0,0.0,93.0,declining
8462,DDD,2014J,Withdrawn,1,60,4,86.5,2,41,83.0,93.0,87.0,-10.0,88.0,declining
8462,DDD,2014J,Withdrawn,1,60,4,86.5,3,62,83.0,93.0,87.0,-10.0,86.33,declining
8462,DDD,2014J,Withdrawn,1,60,4,86.5,4,111,87.0,93.0,87.0,-6.0,86.5,declining
11391,AAA,2013J,Pass,0,240,5,82.0,1,19,78.0,78.0,82.0,0.0,78.0,improving
11391,AAA,2013J,Pass,0,240,5,82.0,2,54,85.0,78.0,82.0,7.0,81.5,improving
11391,AAA,2013J,Pass,0,240,5,82.0,3,117,80.0,78.0,82.0,2.0,81.0,improving
11391,AAA,2013J,Pass,0,240,5,82.0,4,166,85.0,78.0,82.0,7.0,82.0,improving
11391,AAA,2013J,Pass,0,240,5,82.0,5,215,82.0,78.0,82.0,4.0,82.0,improving
23629,BBB,2013B,Fail,2,60,4,82.5,1,19,67.0,67.0,100.0,0.0,67.0,improving
23629,BBB,2013B,Fail,2,60,4,82.5,2,47,63.0,67.0,100.0,-4.0,65.0,improving
23629,BBB,2013B,Fail,2,60,4,82.5,3,54,100.0,67.0,100.0,33.0,76.67,improving
23629,BBB,2013B,Fail,2,60,4,82.5,4,89,100.0,67.0,100.0,33.0,82.5,improving
23698,CCC,2014J,Pass,0,120,8,73.75,1,18,78.0,78.0,56.0,0.0,78.0,declining
23698,CCC,2014J,Pass,0,120,8,73.75,2,32,94.0,78.0,56.0,16.0,86.0,declining
23698,CCC,2014J,Pass,0,120,8,73.75,3,67,93.0,78.0,56.0,15.0,88.33,declining
23698,CCC,2014J,Pass,0,120,8,73.75,4,109,60.0,78.0,56.0,-18.0,81.25,declining
23698,CCC,2014J,Pass,0,120,8,73.75,5,144,73.0,78.0,56.0,-5.0,79.6,declining
23698,CCC,2014J,Pass,0,120,8,73.75,6,158,69.0,78.0,56.0,-9.0,77.83,declining
23698,CCC,2014J,Pass,0,120,8,73.75,7,207,67.0,78.0,56.0,-11.0,76.29,declining
23698,CCC,2014J,Pass,0,120,8,73.75,8,214,56.0,78.0,56.0,-22.0,73.75,declining
23798,BBB,2013J,Distinction,0,60,11,93.91,1,19,90.0,90.0,100.0,0.0,90.0,improving
