id_student,code_module,code_presentation,assessment_sequence,assessment_due_date,date_submitted,score,previous_score,score_change,cumulative_score,cumulative_weight,running_average,assessments_completed,days_between_submissions
6516,AAA,2014J,1,19,17,60.0,,0.0,60.0,10.0,60.0,1,
6516,AAA,2014J,2,54,51,48.0,60.0,-12.0,108.0,30.0,54.0,2,34.0
6516,AAA,2014J,3,117,116,63.0,48.0,15.0,171.0,50.0,57.0,3,65.0
6516,AAA,2014J,4,166,164,61.0,63.0,-2.0,232.0,70.0,58.0,4,48.0
6516,AAA,2014J,5,215,210,77.0,61.0,16.0,309.0,100.0,61.8,5,46.0
8462,DDD,2013J,1,25,29,93.0,,0.0,93.0,10.0,93.0,1,
8462,DDD,2013J,2,53,51,83.0,93.0,-10.0,176.0,22.5,88.0,2,22.0
8462,DDD,2013J,3,88,85,87.0,83.0,4.0,263.0,40.0,87.66666666666667,3,34.0
8462,DDD,2014J,1,20,-1,93.0,,0.0,93.0,5.0,93.0,1,
8462,DDD,2014J,2,41,-1,83.0,93.0,-10.0,176.0,15.0,88.0,2,0.0
8462,DDD,2014J,3,62,-1,83.0,83.0,0.0,259.0,25.0,86.33333333333333,3,0.0
8462,DDD,2014J,4,111,-1,87.0,83.0,4.0,346.0,50.0,86.5,4,0.0
11391,AAA,2013J,1,19,18,78.0,,0.0,78.0,10.0,78.0,1,
11391,AAA,2013J,2,54,53,85.0,78.0,7.0,163.0,30.0,81.5,2,35.0
11391,AAA,2013J,3,117,115,80.0,85.0,-5.0,243.0,50.0,81.0,3,62.0
11391,AAA,2013J,4,166,164,85.0,80.0,5.0,328.0,70.0,82.0,4,49.0
11391,AAA,2013J,5,215,212,82.0,85.0,-3.0,410.0,100.0,82.0,5,48.0
23629,BBB,2013B,1,19,9,67.0,,0.0,67.0,5.0,67.0,1,
23629,BBB,2013B,2,47,59,63.0,67.0,-4.0,130.0,23.0,65.0,2,50.0
23629,BBB,2013B,3,54,60,100.0,63.0,37.0,230.0,24.0,76.66666666666667,3,1.0
23629,BBB,2013B,4,89,95,100.0,100.0,0.0,330.0,25.0,82.5,4,35.0
23698,CCC,2014J,1,18,21,78.0,,0.0,78.0,2.0,78.0,1,
23698,CCC,2014J,2,32,29,94.0,78.0,16.0,172.0,11.0,86.0,2,8.0
23698,CCC,2014J,3,67,69,93.0,94.0,-1.0,265.0,18.0,88.33333333333333,3,40.0
23698,CCC,2014J,4,109,109,60.0,93.0,-33.0,325.0,40.0,81.25,4,40.0
23698,CCC,2014J,5,144,147,73.0,60.0,13.0,398.0,48.0,79.6,5,38.0
23698,CCC,2014J,6,158,158,69.0,73.0,-4.0,467.0,70.0,77.83333333333333,6,11.0
23698,CCC,2014J,7,207,206,67.0,69.0,-2.0,534.0,92.0,76.28571428571429,7,48.0
23698,CCC,2014J,8,214,219,56.0,67.0,-11.0,590.0,100.0,73.75,8,13.0
23798,BBB,2013J,1,19,18,90.0,,0.0,90.0,5.0,90.0,1,
23798,BBB,2013J,2,47,46,90.0,90.0,0.0,180.0,23.0,90.0,2,28.0
23798,BBB,2013J,3,54,56,100.0,90.0,10.0,280.0,24.0,93.33333333333333,3,10.0
23798,BBB,2013J,4,96,95,89.0,100.0,-11.0,369.0,42.0,92.25,4,39.0
23798,BBB,2013J,5,96,102,100.0,89.0,11.0,469.0,43.0,93.8,5,7.0
23798,BBB,2013J,6,131,130,88.0,100.0,-12.0,557.0,61.0,92.83333333333333,6,28.0
23798,BBB,2013J,7,131,133,100.0,88.0,12.0,657.0,62.0,93.85714285714286,7,3.0
23798,BBB,2013J,8,166,162,87.0,100.0,-13.0,744.0,80.0,93.0,8,29.0
23798,BBB,2013J,9,166,168,100.0,87.0,13.0,844.0,81.0,93.77777777777777,9,6.0
23798,BBB,2013J,10,208,205,89.0,100.0,-11.0,933.0,99.0,93.3,10,37.0
23798,BBB,2013J,11,208,210,100.0,89.0,11.0,1033.0,100.0,93.9090909090909,11,5.0
24186,GGG,2014B,1,117,110,60.0,,0.0,60.0,0.0,60.0,1,
24186,GGG,2014B,2,166,163,60.0,60.0,0.0,120.0,0.0,60.0,2,53.0
24186,GGG,2014B,3,222,73,80.0,60.0,20.0,200.0,0.0,66.66666666666667,3,-90.0
24186,GGG,2014B,4,222,159,40.0,80.0,-40.0,240.0,0.0,60.0,4,86.0
24186,GGG,2014B,5,222,159,60.0,40.0,20.0,300.0,0.0,60.0,5,0.0
24186,GGG,2014B,6,222,207,80.0,60.0,20.0,380.0,0.0,63.333333333333336,6,48.0
24186,GGG,2014B,7,222,207,60.0,80.0,-20.0,440.0,0.0,62.857142857142854,7,0.0
24186,GGG,2014B,8,222,207,60.0,60.0,0.0,500.0,0.0,62.5,8,0.0
24213,DDD,2014B,1,25,25,78.0,,0.0,78.0,10.0,78.0,1,
24213,DDD,2014B,2,53,54,91.0,78.0,13.0,169.0,22.5,84.5,2,29.0
