id_student,code_module,code_presentation,submission_week,engagement_sequence,score,rolling_4week_avg,total_engagements,all_time_min,all_time_max,performance_percentile
6516,AAA,2014J,2,1,60.0,60.0,1,48.0,77.0,41.38
6516,AAA,2014J,7,2,48.0,54.0,2,48.0,77.0,0.0
6516,AAA,2014J,16,3,63.0,57.0,3,48.0,77.0,51.72
6516,AAA,2014J,23,4,61.0,58.0,4,48.0,77.0,44.83
6516,AAA,2014J,30,5,77.0,62.25,5,48.0,77.0,100.0
8462,DDD,2013J,4,1,93.0,93.0,1,83.0,93.0,100.0
8462,DDD,2013J,7,2,83.0,88.0,2,83.0,93.0,0.0
8462,DDD,2013J,12,3,87.0,87.67,3,83.0,93.0,40.0
8462,DDD,2014J,0,1,93.0,93.0,1,83.0,93.0,100.0
8462,DDD,2014J,0,1,83.0,88.0,2,83.0,93.0,0.0
8462,DDD,2014J,0,1,83.0,86.33,3,83.0,93.0,0.0
8462,DDD,2014J,0,1,87.0,86.5,4,83.0,93.0,40.0
11391,AAA,2013J,2,1,78.0,78.0,1,78.0,85.0,0.0
11391,AAA,2013J,7,2,85.0,81.5,2,78.0,85.0,100.0
11391,AAA,2013J,16,3,80.0,81.0,3,78.0,85.0,28.57
11391,AAA,2013J,23,4,85.0,82.0,4,78.0,85.0,100.0
11391,AAA,2013J,30,5,82.0,83.0,5,78.0,85.0,57.14
23629,BBB,2013B,1,1,67.0,67.0,1,63.0,100.0,10.81
23629,BBB,2013B,8,2,63.0,65.0,2,63.0,100.0,0.0
23629,BBB,2013B,8,3,100.0,76.67,3,63.0,100.0,100.0
23629,BBB,2013B,13,4,100.0,82.5,4,63.0,100.0,100.0
23698,CCC,2014J,3,1,78.0,78.0,1,56.0,94.0,57.89
23698,CCC,2014J,4,2,94.0,86.0,2,56.0,94.0,100.0
23698,CCC,2014J,9,3,93.0,88.33,3,56.0,94.0,97.37
23698,CCC,2014J,15,4,60.0,81.25,4,56.0,94.0,10.53
23698,CCC,2014J,21,5,73.0,80.0,5,56.0,94.0,44.74
23698,CCC,2014J,22,6,69.0,73.75,6,56.0,94.0,34.21
23698,CCC,2014J,29,7,67.0,67.25,7,56.0,94.0,28.95
23698,CCC,2014J,31,8,56.0,66.25,8,56.0,94.0,0.0
23798,BBB,2013J,2,1,90.0,90.0,1,87.0,100.0,23.08
23798,BBB,2013J,6,2,90.0,90.0,2,87.0,100.0,23.08
23798,BBB,2013J,8,3,100.0,93.33,3,87.0,100.0,100.0
23798,BBB,2013J,13,4,89.0,92.25,4,87.0,100.0,15.38
23798,BBB,2013J,14,5,100.0,94.75,5,87.0,100.0,100.0
23798,BBB,2013J,18,6,88.0,94.25,6,87.0,100.0,7.69
23798,BBB,2013J,19,7,100.0,94.25,7,87.0,100.0,100.0
23798,BBB,2013J,23,8,87.0,93.75,8,87.0,100.0,0.0
23798,BBB,2013J,24,9,100.0,93.75,9,87.0,100.0,100.0
23798,BBB,2013J,29,10,89.0,94.0,10,87.0,100.0,15.38
23798,BBB,2013J,30,11,100.0,94.0,11,87.0,100.0,100.0
