code_module,code_presentation,id_assessment,assessment_type,date,weight,_source_file,_reject_reason
AAA,2013J,1757.0,Exam,,100.0,assessments.csv,"invalid required int in ['id_assessment', 'date']"
AAA,2014J,1763.0,Exam,,100.0,assessments.csv,"invalid required int in ['id_assessment', 'date']"
BBB,2013B,14990.0,Exam,,100.0,assessments.csv,"invalid required int in ['id_assessment', 'date']"
BBB,2013J,15002.0,Exam,,100.0,assessments.csv,"invalid required int in ['id_assessment', 'date']"
BBB,2014B,15014.0,Exam,,100.0,assessments.csv,"invalid required int in ['id_assessment', 'date']"
BBB,2014J,15025.0,Exam,,100.0,assessments.csv,"invalid required int in ['id_assessment', 'date']"
CCC,2014B,24290.0,Exam,,100.0,assessments.csv,"invalid required int in ['id_assessment', 'date']"
CCC,2014B,40087.0,Exam,,100.0,assessments.csv,"invalid required int in ['id_assessment', 'date']"
CCC,2014J,24299.0,Exam,,100.0,assessments.csv,"invalid required int in ['id_assessment', 'date']"
CCC,2014J,40088.0,Exam,,100.0,assessments.csv,"invalid required int in ['id_assessment', 'date']"
DDD,2014J,25368.0,Exam,,100.0,assessments.csv,"invalid required int in ['id_assessment', 'date']"
AAA,2013J,1757.0,Exam,,100.0,assessments.csv,"invalid required int in ['id_assessment', 'date']"
AAA,2014J,1763.0,Exam,,100.0,assessments.csv,"invalid required int in ['id_assessment', 'date']"
BBB,2013B,14990.0,Exam,,100.0,assessments.csv,"invalid required int in ['id_assessment', 'date']"
BBB,2013J,15002.0,Exam,,100.0,assessments.csv,"invalid required int in ['id_assessment', 'date']"
BBB,2014B,15014.0,Exam,,100.0,assessments.csv,"invalid required int in ['id_assessment', 'date']"
BBB,2014J,15025.0,Exam,,100.0,assessments.csv,"invalid required int in ['id_assessment', 'date']"
CCC,2014B,24290.0,Exam,,100.0,assessments.csv,"invalid required int in ['id_assessment', 'date']"
CCC,2014B,40087.0,Exam,,100.0,assessments.csv,"invalid required int in ['id_assessment', 'date']"
CCC,2014J,24299.0,Exam,,100.0,assessments.csv,"invalid required int in ['id_assessment', 'date']"
CCC,2014J,40088.0,Exam,,100.0,assessments.csv,"invalid required int in ['id_assessment', 'date']"
DDD,2014J,25368.0,Exam,,100.0,assessments.csv,"invalid required int in ['id_assessment', 'date']"
AAA,2013J,1757.0,Exam,,100.0,assessments.csv,"invalid required int in ['id_assessment', 'date']"
AAA,2014J,1763.0,Exam,,100.0,assessments.csv,"invalid required int in ['id_assessment', 'date']"
BBB,2013B,14990.0,Exam,,100.0,assessments.csv,"invalid required int in ['id_assessment', 'date']"
BBB,2013J,15002.0,Exam,,100.0,assessments.csv,"invalid required int in ['id_assessment', 'date']"
BBB,2014B,15014.0,Exam,,100.0,assessments.csv,"invalid required int in ['id_assessment', 'date']"
BBB,2014J,15025.0,Exam,,100.0,assessments.csv,"invalid required int in ['id_assessment', 'date']"
CCC,2014B,24290.0,Exam,,100.0,assessments.csv,"invalid required int in ['id_assessment', 'date']"
CCC,2014B,40087.0,Exam,,100.0,assessments.csv,"invalid required int in ['id_assessment', 'date']"
CCC,2014J,24299.0,Exam,,100.0,assessments.csv,"invalid required int in ['id_assessment', 'date']"
CCC,2014J,40088.0,Exam,,100.0,assessments.csv,"invalid required int in ['id_assessment', 'date']"
DDD,2014J,25368.0,Exam,,100.0,assessments.csv,"invalid required int in ['id_assessment', 'date']"
AAA,2013J,1757.0,Exam,,100.0,assessments.csv,"invalid required int in ['id_assessment', 'date']"
AAA,2014J,1763.0,Exam,,100.0,assessments.csv,"invalid required int in ['id_assessment', 'date']"
BBB,2013B,14990.0,Exam,,100.0,assessments.csv,"invalid required int in ['id_assessment', 'date']"
BBB,2013J,15002.0,Exam,,100.0,assessments.csv,"invalid required int in ['id_assessment', 'date']"
BBB,2014B,15014.0,Exam,,100.0,assessments.csv,"invalid required int in ['id_assessment', 'date']"
BBB,2014J,15025.0,Exam,,100.0,assessments.csv,"invalid required int in ['id_assessment', 'date']"
CCC,2014B,24290.0,Exam,,100.0,assessments.csv,"invalid required int in ['id_assessment', 'date']"
CCC,2014B,40087.0,Exam,,100.0,assessments.csv,"invalid required int in ['id_assessment', 'date']"
CCC,2014J,24299.0,Exam,,100.0,assessments.csv,"invalid required int in ['id_assessment', 'date']"
CCC,2014J,40088.0,Exam,,100.0,assessments.csv,"invalid required int in ['id_assessment', 'date']"
DDD,2014J,25368.0,Exam,,100.0,assessments.csv,"invalid required int in ['id_assessment', 'date']"
AAA,2013J,1757.0,Exam,,100.0,assessments.csv,"invalid required int in ['id_assessment', 'date']"
AAA,2014J,1763.0,Exam,,100.0,assessments.csv,"invalid required int in ['id_assessment', 'date']"
BBB,2013B,14990.0,Exam,,100.0,assessments.csv,"invalid required int in ['id_assessment', 'date']"
BBB,2013J,15002.0,Exam,,100.0,assessments.csv,"invalid required int in ['id_assessment', 'date']"
BBB,2014B,15014.0,Exam,,100.0,assessments.csv,"invalid required int in ['id_assessment', 'date']"
BBB,2014J,15025.0,Exam,,100.0,assessments.csv,"invalid required int in ['id_assessment', 'date']"
CCC,2014B,24290.0,Exam,,100.0,assessments.csv,"invalid required int in ['id_assessment', 'date']"
CCC,2014B,40087.0,Exam,,100.0,assessments.csv,"invalid required int in ['id_assessment', 'date']"
CCC,2014J,24299.0,Exam,,100.0,assessments.csv,"invalid required int in ['id_assessment', 'date']"
CCC,2014J,40088.0,Exam,,100.0,assessments.csv,"invalid required int in ['id_assessment', 'date']"
DDD,2014J,25368.0,Exam,,100.0,assessments.csv,"invalid required int in ['id_assessment', 'date']"
AAA,2013J,1757.0,Exam,,100.0,assessments.csv,"invalid required int in ['id_assessment', 'date']"
AAA,2014J,1763.0,Exam,,100.0,assessments.csv,"invalid required int in ['id_assessment', 'date']"
BBB,2013B,14990.0,Exam,,100.0,assessments.csv,"invalid required int in ['id_assessment', 'date']"
BBB,2013J,15002.0,Exam,,100.0,assessments.csv,"invalid required int in ['id_assessment', 'date']"
BBB,2014B,15014.0,Exam,,100.0,assessments.csv,"invalid required int in ['id_assessment', 'date']"
BBB,2014J,15025.0,Exam,,100.0,assessments.csv,"invalid required int in ['id_assessment', 'date']"
CCC,2014B,24290.0,Exam,,100.0,assessments.csv,"invalid required int in ['id_assessment', 'date']"
CCC,2014B,40087.0,Exam,,100.0,assessments.csv,"invalid required int in ['id_assessment', 'date']"
CCC,2014J,24299.0,Exam,,100.0,assessments.csv,"invalid required int in ['id_assessment', 'date']"
CCC,2014J,40088.0,Exam,,100.0,assessments.csv,"invalid required int in ['id_assessment', 'date']"
DDD,2014J,25368.0,Exam,,100.0,assessments.csv,"invalid required int in ['id_assessment', 'date']"
AAA,2013J,1757.0,Exam,,100.0,assessments.csv,"invalid required int in ['id_assessment', 'date']"
AAA,2014J,1763.0,Exam,,100.0,assessments.csv,"invalid required int in ['id_assessment', 'date']"
BBB,2013B,14990.0,Exam,,100.0,assessments.csv,"invalid required int in ['id_assessment', 'date']"
BBB,2013J,15002.0,Exam,,100.0,assessments.csv,"invalid required int in ['id_assessment', 'date']"
BBB,2014B,15014.0,Exam,,100.0,assessments.csv,"invalid required int in ['id_assessment', 'date']"
BBB,2014J,15025.0,Exam,,100.0,assessments.csv,"invalid required int in ['id_assessment', 'date']"
CCC,2014B,24290.0,Exam,,100.0,assessments.csv,"invalid required int in ['id_assessment', 'date']"
CCC,2014B,40087.0,Exam,,100.0,assessments.csv,"invalid required int in ['id_assessment', 'date']"
CCC,2014J,24299.0,Exam,,100.0,assessments.csv,"invalid required int in ['id_assessment', 'date']"
CCC,2014J,40088.0,Exam,,100.0,assessments.csv,"invalid required int in ['id_assessment', 'date']"
DDD,2014J,25368.0,Exam,,100.0,assessments.csv,"invalid required int in ['id_assessment', 'date']"
AAA,2013J,1757.0,Exam,,100.0,assessments.csv,"invalid required int in ['id_assessment', 'date']"
AAA,2014J,1763.0,Exam,,100.0,assessments.csv,"invalid required int in ['id_assessment', 'date']"
BBB,2013B,14990.0,Exam,,100.0,assessments.csv,"invalid required int in ['id_assessment', 'date']"
BBB,2013J,15002.0,Exam,,100.0,assessments.csv,"invalid required int in ['id_assessment', 'date']"
BBB,2014B,15014.0,Exam,,100.0,assessments.csv,"invalid required int in ['id_assessment', 'date']"
BBB,2014J,15025.0,Exam,,100.0,assessments.csv,"invalid required int in ['id_assessment', 'date']"
CCC,2014B,24290.0,Exam,,100.0,assessments.csv,"invalid required int in ['id_assessment', 'date']"
CCC,2014B,40087.0,Exam,,100.0,assessments.csv,"invalid required int in ['id_assessment', 'date']"
CCC,2014J,24299.0,Exam,,100.0,assessments.csv,"invalid required int in ['id_assessment', 'date']"
CCC,2014J,40088.0,Exam,,100.0,assessments.csv,"invalid required int in ['id_assessment', 'date']"
DDD,2014J,25368.0,Exam,,100.0,assessments.csv,"invalid required int in ['id_assessment', 'date']"
AAA,2013J,1757.0,Exam,,100.0,assessments.csv,"invalid required int in ['id_assessment', 'date']"
AAA,2014J,1763.0,Exam,,100.0,assessments.csv,"invalid required int in ['id_assessment', 'date']"
BBB,2013B,14990.0,Exam,,100.0,assessments.csv,"invalid required int in ['id_assessment', 'date']"
BBB,2013J,15002.0,Exam,,100.0,assessments.csv,"invalid required int in ['id_assessment', 'date']"
BBB,2014B,15014.0,Exam,,100.0,assessments.csv,"invalid required int in ['id_assessment', 'date']"
BBB,2014J,15025.0,Exam,,100.0,assessments.csv,"invalid required int in ['id_assessment', 'date']"
CCC,2014B,24290.0,Exam,,100.0,assessments.csv,"invalid required int in ['id_assessment', 'date']"
CCC,2014B,40087.0,Exam,,100.0,assessments.csv,"invalid required int in ['id_assessment', 'date']"
CCC,2014J,24299.0,Exam,,100.0,assessments.csv,"invalid required int in ['id_assessment', 'date']"
CCC,2014J,40088.0,Exam,,100.0,assessments.csv,"invalid required int in ['id_assessment', 'date']"
DDD,2014J,25368.0,Exam,,100.0,assessments.csv,"invalid required int in ['id_assessment', 'date']"
